<?xml version="1.0"?>
<ruleset xmlns="http://pmd.sourceforge.net/ruleset/2.0.0" xmlns:xsi="http://www.w3.org/2001/XMLSchema-instance"
         name="Custom Rules"
         xsi:schemaLocation="http://pmd.sourceforge.net/ruleset/2.0.0 https://pmd.sourceforge.io/ruleset_2_0_0.xsd">
    <description>MeLi basic PMD ruleset</description>
    <exclude-pattern>.*/target/.*</exclude-pattern>
    <exclude-pattern>.*/build/.*</exclude-pattern>
    <exclude-pattern>.*/gradle/.*</exclude-pattern>
    <exclude-pattern>.*/.gradle/.*</exclude-pattern>
    <rule ref="category/java/bestpractices.xml/AbstractClassWithoutAbstractMethod"/>
    <rule ref="category/java/bestpractices.xml/AccessorClassGeneration"/>
    <rule ref="category/java/bestpractices.xml/AccessorMethodGeneration"/>
    <rule ref="category/java/bestpractices.xml/ArrayIsStoredDirectly"/>
    <rule ref="category/java/bestpractices.xml/AvoidMessageDigestField"/>
    <rule ref="category/java/bestpractices.xml/AvoidPrintStackTrace"/>
    <rule ref="category/java/bestpractices.xml/AvoidReassigningCatchVariables"/>
    <rule ref="category/java/bestpractices.xml/AvoidReassigningLoopVariables"/>
    <rule ref="category/java/bestpractices.xml/AvoidReassigningParameters"/>
    <rule ref="category/java/bestpractices.xml/AvoidStringBufferField"/>
    <rule ref="category/java/bestpractices.xml/AvoidUsingHardCodedIP"/>
    <rule ref="category/java/bestpractices.xml/CheckResultSet"/>
    <rule ref="category/java/bestpractices.xml/DefaultLabelNotLastInSwitchStmt"/>
    <rule ref="category/java/bestpractices.xml/DoubleBraceInitialization"/>
    <rule ref="category/java/bestpractices.xml/ForLoopCanBeForeach"/>
    <rule ref="category/java/bestpractices.xml/LiteralsFirstInComparisons"/>
    <rule ref="category/java/bestpractices.xml/LooseCoupling"/>
    <rule ref="category/java/bestpractices.xml/MethodReturnsInternalArray"/>
    <rule ref="category/java/bestpractices.xml/MissingOverride"/>
    <rule ref="category/java/bestpractices.xml/PreserveStackTrace"/>
    <rule ref="category/java/bestpractices.xml/ReplaceEnumerationWithIterator"/>
    <rule ref="category/java/bestpractices.xml/UnusedAssignment"/>
    <rule ref="category/java/bestpractices.xml/UnusedFormalParameter"/>
    <rule ref="category/java/bestpractices.xml/UnusedLocalVariable"/>
    <rule ref="category/java/bestpractices.xml/UnusedPrivateField"/>
    <rule ref="category/java/bestpractices.xml/UnusedPrivateMethod"/>
    <rule ref="category/java/bestpractices.xml/UseCollectionIsEmpty"/>
    <rule ref="category/java/bestpractices.xml/UseTryWithResources"/>
    <rule ref="category/java/bestpractices.xml/UseVarargs"/>
    <rule ref="category/java/bestpractices.xml/WhileLoopWithLiteralBoolean"/>
    <rule ref="category/java/codestyle.xml/UnnecessaryImport" />
    <rule ref="category/java/codestyle.xml/AvoidProtectedFieldInFinalClass"/>
    <rule ref="category/java/codestyle.xml/AvoidUsingNativeCode"/>
    <rule ref="category/java/codestyle.xml/BooleanGetMethodName"/>
    <rule ref="category/java/codestyle.xml/EmptyMethodInAbstractClassShouldBeAbstract"/>
    <rule ref="category/java/codestyle.xml/ExtendsObject"/>
    <rule ref="category/java/codestyle.xml/FieldDeclarationsShouldBeAtStartOfClass"/>
    <rule ref="category/java/codestyle.xml/ForLoopShouldBeWhileLoop"/>
    <rule ref="category/java/codestyle.xml/IdenticalCatchBranches"/>
    <rule ref="category/java/codestyle.xml/LinguisticNaming"/>
    <rule ref="category/java/codestyle.xml/PrematureDeclaration"/>
    <rule ref="category/java/codestyle.xml/UnnecessaryCast"/>
    <rule ref="category/java/codestyle.xml/UnnecessaryConstructor"/>
    <rule ref="category/java/codestyle.xml/UnnecessaryFullyQualifiedName"/>
    <rule ref="category/java/codestyle.xml/UnnecessaryLocalBeforeReturn"/>
    <rule ref="category/java/codestyle.xml/UnnecessaryModifier"/>
    <rule ref="category/java/codestyle.xml/UnnecessaryReturn"/>
    <rule ref="category/java/codestyle.xml/UseDiamondOperator"/>
    <rule ref="category/java/codestyle.xml/UselessQualifiedThis"/>
    <rule ref="category/java/codestyle.xml/UseShortArrayInitializer"/>
    <rule ref="category/java/design.xml/AbstractClassWithoutAnyMethod"/>
    <rule ref="category/java/design.xml/AvoidRethrowingException"/>
    <rule ref="category/java/design.xml/AvoidThrowingNewInstanceOfSameException"/>
    <rule ref="category/java/design.xml/AvoidThrowingNullPointerException"/>
    <rule ref="category/java/design.xml/AvoidThrowingRawExceptionTypes"/>
    <rule ref="category/java/design.xml/AvoidUncheckedExceptionsInSignatures"/>
    <rule ref="category/java/design.xml/ClassWithOnlyPrivateConstructorsShouldBeFinal"/>
    <rule ref="category/java/design.xml/CollapsibleIfStatements"/>
    <rule ref="category/java/design.xml/FinalFieldCouldBeStatic"/>
    <rule ref="category/java/design.xml/GodClass"/>
    <rule ref="category/java/design.xml/LogicInversion"/>
    <rule ref="category/java/design.xml/SignatureDeclareThrowsException">
        <properties>
            <property name="IgnoreJUnitCompletely" value="true"/>
        </properties>
    </rule>
    <rule ref="category/java/design.xml/SimplifiedTernary"/>
    <rule ref="category/java/design.xml/SimplifyBooleanExpressions"/>
    <rule ref="category/java/design.xml/SimplifyBooleanReturns"/>
    <rule ref="category/java/design.xml/SimplifyConditional"/>
    <rule ref="category/java/design.xml/SingularField"/>
    <rule ref="category/java/design.xml/UselessOverridingMethod"/>
    <rule ref="category/java/design.xml/UseUtilityClass">
        <properties>
            <property name="ignoredAnnotations" value="org.springframework.boot.autoconfigure.SpringBootApplication"/>
            <property
                name="violationSuppressXPath"
                value="./ancestor::ClassOrInterfaceDeclaration[matches(@BinaryName, 'com.mercadolibre.Main')]" />
            <property name="ignoredAnnotations" value="io.quarkus.runtime.annotations.QuarkusMain"/>
            <property
                name="violationSuppressXPath"
                value="./ancestor::ClassOrInterfaceDeclaration[matches(@BinaryName, 'com.mercadolibre.Main')]" />    
        </properties>
    </rule>
    <rule ref="category/java/errorprone.xml/AssignmentInOperand"/>
    <rule ref="category/java/errorprone.xml/AssignmentToNonFinalStatic"/>
    <rule ref="category/java/errorprone.xml/AvoidAccessibilityAlteration"/>
    <rule ref="category/java/errorprone.xml/AvoidBranchingStatementAsLastInLoop"/>
    <rule ref="category/java/errorprone.xml/AvoidCallingFinalize"/>
    <rule ref="category/java/errorprone.xml/AvoidDecimalLiteralsInBigDecimalConstructor"/>
    <rule ref="category/java/errorprone.xml/AvoidDuplicateLiterals"/>
    <rule ref="category/java/errorprone.xml/AvoidFieldNameMatchingMethodName"/>
    <rule ref="category/java/errorprone.xml/AvoidInstanceofChecksInCatchClause"/>
    <rule ref="category/java/errorprone.xml/AvoidLiteralsInIfCondition"/>
    <rule ref="category/java/errorprone.xml/AvoidLosingExceptionInformation"/>
    <rule ref="category/java/errorprone.xml/AvoidMultipleUnaryOperators"/>
    <rule ref="category/java/errorprone.xml/AvoidUsingOctalValues"/>
    <rule ref="category/java/errorprone.xml/ComparisonWithNaN"/>
    <rule ref="category/java/errorprone.xml/BrokenNullCheck"/>
    <rule ref="category/java/errorprone.xml/CheckSkipResult"/>
    <rule ref="category/java/errorprone.xml/ClassCastExceptionWithToArray"/>
    <rule ref="category/java/errorprone.xml/CloneMethodMustBePublic"/>
    <rule ref="category/java/errorprone.xml/CloneMethodMustImplementCloneable"/>
    <rule ref="category/java/errorprone.xml/CloneMethodReturnTypeMustMatchClassName"/>
    <rule ref="category/java/errorprone.xml/CloseResource"/>
    <rule ref="category/java/errorprone.xml/CompareObjectsWithEquals"/>
    <rule ref="category/java/errorprone.xml/ConstructorCallsOverridableMethod"/>
    <rule ref="category/java/errorprone.xml/DoNotCallGarbageCollectionExplicitly"/>
    <rule ref="category/java/errorprone.xml/DoNotExtendJavaLangThrowable"/>
    <rule ref="category/java/errorprone.xml/DoNotHardCodeSDCard"/>
    <rule ref="category/java/errorprone.xml/DoNotTerminateVM"/>
    <rule ref="category/java/errorprone.xml/DoNotThrowExceptionInFinally"/>
    <rule ref="category/java/errorprone.xml/DontImportSun"/>
    <rule ref="category/java/errorprone.xml/EmptyCatchBlock"/>
    <rule ref="category/java/errorprone.xml/EmptyFinalizer"/>
    <rule ref="category/java/errorprone.xml/EmptyFinallyBlock"/>
    <rule ref="category/java/errorprone.xml/EmptyIfStmt"/>
    <rule ref="category/java/errorprone.xml/EmptyInitializer"/>
    <rule ref="category/java/errorprone.xml/EmptyStatementBlock"/>
    <rule ref="category/java/errorprone.xml/EmptyStatementNotInLoop"/>
    <rule ref="category/java/errorprone.xml/EmptySwitchStatements"/>
    <rule ref="category/java/errorprone.xml/EmptySynchronizedBlock"/>
    <rule ref="category/java/errorprone.xml/EmptyTryBlock"/>
    <rule ref="category/java/errorprone.xml/EmptyWhileStmt"/>
    <rule ref="category/java/errorprone.xml/EqualsNull"/>
    <rule ref="category/java/errorprone.xml/FinalizeDoesNotCallSuperFinalize"/>
    <rule ref="category/java/errorprone.xml/FinalizeOnlyCallsSuperFinalize"/>
    <rule ref="category/java/errorprone.xml/IdempotentOperations"/>
    <rule ref="category/java/errorprone.xml/InstantiationToGetClass"/>
    <rule ref="category/java/errorprone.xml/InvalidLogMessageFormat"/>
    <rule ref="category/java/errorprone.xml/JumbledIncrementer"/>
    <rule ref="category/java/errorprone.xml/MethodWithSameNameAsEnclosingClass"/>
    <rule ref="category/java/errorprone.xml/MisplacedNullCheck"/>
    <rule ref="category/java/errorprone.xml/MissingSerialVersionUID"/>
    <rule ref="category/java/errorprone.xml/MissingStaticMethodInNonInstantiatableClass"/>
    <rule ref="category/java/errorprone.xml/MoreThanOneLogger"/>
    <rule ref="category/java/errorprone.xml/NonCaseLabelInSwitchStatement"/>
    <rule ref="category/java/errorprone.xml/NonStaticInitializer"/>
    <rule ref="category/java/errorprone.xml/NullAssignment"/>
    <rule ref="category/java/errorprone.xml/OverrideBothEqualsAndHashcode"/>
    <rule ref="category/java/errorprone.xml/ProperCloneImplementation"/>
    <rule ref="category/java/errorprone.xml/ProperLogger"/>
    <rule ref="category/java/errorprone.xml/ReturnEmptyCollectionRatherThanNull" />
    <rule ref="category/java/errorprone.xml/ReturnFromFinallyBlock"/>
    <rule ref="category/java/errorprone.xml/SimpleDateFormatNeedsLocale"/>
    <rule ref="category/java/errorprone.xml/SingleMethodSingleton"/>
    <rule ref="category/java/errorprone.xml/SingletonClassReturningNewInstance"/>
    <rule ref="category/java/errorprone.xml/StringBufferInstantiationWithChar"/>
    <rule ref="category/java/errorprone.xml/SuspiciousEqualsMethodName"/>
    <rule ref="category/java/errorprone.xml/SuspiciousHashcodeMethodName"/>
    <rule ref="category/java/errorprone.xml/SuspiciousOctalEscape"/>
    <rule ref="category/java/errorprone.xml/UnconditionalIfStatement"/>
    <rule ref="category/java/errorprone.xml/UnnecessaryCaseChange"/>
    <rule ref="category/java/errorprone.xml/UnnecessaryConversionTemporary"/>
    <rule ref="category/java/errorprone.xml/UnusedNullCheckInEquals"/>
    <rule ref="category/java/errorprone.xml/UseCorrectExceptionLogging"/>
    <rule ref="category/java/errorprone.xml/UseEqualsToCompareStrings"/>
    <rule ref="category/java/errorprone.xml/UselessOperationOnImmutable"/>
    <rule ref="category/java/errorprone.xml/UseLocaleWithCaseConversions"/>
    <rule ref="category/java/errorprone.xml/UseProperClassLoader"/>
    <rule ref="category/java/multithreading.xml/AvoidSynchronizedAtMethodLevel"/>
    <rule ref="category/java/multithreading.xml/AvoidThreadGroup"/>
    <rule ref="category/java/multithreading.xml/DontCallThreadRun"/>
    <rule ref="category/java/multithreading.xml/DoubleCheckedLocking"/>
    <rule ref="category/java/multithreading.xml/NonThreadSafeSingleton"/>
    <rule ref="category/java/multithreading.xml/UnsynchronizedStaticFormatter"/>
    <rule ref="category/java/multithreading.xml/UseConcurrentHashMap"/>
    <rule ref="category/java/multithreading.xml/UseNotifyAllInsteadOfNotify"/>
    <rule ref="category/java/performance.xml/AddEmptyString"/>
    <rule ref="category/java/performance.xml/AppendCharacterWithChar"/>
    <rule ref="category/java/performance.xml/AvoidArrayLoops"/>
    <rule ref="category/java/performance.xml/AvoidCalendarDateCreation"/>
    <rule ref="category/java/performance.xml/AvoidFileStream"/>
    <rule ref="category/java/performance.xml/AvoidInstantiatingObjectsInLoops"/>
    <rule ref="category/java/performance.xml/BigIntegerInstantiation"/>
    <rule ref="category/java/bestpractices.xml/PrimitiveWrapperInstantiation" />
    <rule ref="category/java/performance.xml/ConsecutiveAppendsShouldReuse"/>
    <rule ref="category/java/performance.xml/ConsecutiveLiteralAppends"/>
    <rule ref="category/java/performance.xml/InefficientEmptyStringCheck"/>
    <rule ref="category/java/performance.xml/InefficientStringBuffering"/>
    <rule ref="category/java/performance.xml/InsufficientStringBufferDeclaration"/>
    <rule ref="category/java/performance.xml/OptimizableToArrayCall"/>
    <rule ref="category/java/performance.xml/RedundantFieldInitializer"/>
    <rule ref="category/java/performance.xml/StringInstantiation"/>
    <rule ref="category/java/performance.xml/StringToString"/>
    <rule ref="category/java/performance.xml/UseArraysAsList"/>
    <rule ref="category/java/performance.xml/UseIndexOfChar"/>
    <rule ref="category/java/performance.xml/UseIOStreamsWithApacheCommonsFileItem"/>
    <rule ref="category/java/performance.xml/UselessStringValueOf"/>
    <rule ref="category/java/performance.xml/UseStringBufferForStringAppends"/>
    <rule ref="category/java/performance.xml/UseStringBufferLength"/>
</ruleset>