{\rtf1\ansi\ansicpg1252\cocoartf2761
\cocoatextscaling0\cocoaplatform0{\fonttbl\f0\fswiss\fcharset0 Helvetica;}
{\colortbl;\red255\green255\blue255;}
{\*\expandedcolortbl;;}
\margl1440\margr1440\vieww11520\viewh8400\viewkind0
\pard\tx720\tx1440\tx2160\tx2880\tx3600\tx4320\tx5040\tx5760\tx6480\tx7200\tx7920\tx8640\pardirnatural\partightenfactor0

\f0\fs24 \cf0 GET /db_zapatillas/_search\
\{\
  "query": \{\
    "match_all": \{\}\
  \}\
\}\
\
GET /db_zapatillas/_search\
\{\
  "query": \{\
    "match": \{\
      "marca": "Nike"\
    \}\
  \}\
\}\
\
GET /db_zapatillas/_search\
\{\
  "query": \{\
    "bool": \{\
      "must": [\
        \{ "match": \{ "marca": "Nike" \} \},\
        \{ "range": \{ "precio": \{ "lt": 300 \} \} \}\
      ]\
    \}\
  \}\
\}\
\
POST /db_zapatillas/_doc\
\{\
  "marca": "Pajarito",\
          "tecnologia": "Super",\
          "precio": 220,\
          "tipo": "formal",\
          "@timestamp": "2023-01-15T00:00:00.000-05:00",\
          "color": "Amarilla",\
          "talla": 42,\
          "material": "Cuero",\
          "genero": "masculino",\
          "lanzamiento": "2023-01-23",\
          "modelo": "Super Ultra Max 2000"\
\}\
\
GET /db_zapatillas/_search\
\{\
  "query": \{\
    "match": \{\
      "marca": "Pajarito"\
    \}\
  \}\
\}\
\
\
GET /db_zapatillas/_search\
\{\
  "query": \{\
    "range": \{\
      "lanzamiento": \{\
        "gte": "2023-01-24",\
        "lte": "2024-12-01"\
      \}\
    \}\
  \}\
\}\
\
POST /db_zapatillas/_update/6VsVg48BwTknWygH90Oe\
\{\
  "doc": \{\
    "marca": "El Pato Alegre"\
  \}\
\}\
}