{
	"info": {
		"_postman_id": "0fa1ca42-dbd5-4508-a180-2462c700964a",
		"name": "VehiclesHQL",
		"schema": "https://schema.getpostman.com/json/collection/v2.1.0/collection.json",
		"_exporter_id": "34292971"
	},
	"item": [
		{
			"name": "Crud",
			"item": [
				{
					"name": "ListPatentes",
					"request": {
						"method": "GET",
						"header": [],
						"url": {
							"raw": "{{host}}/vehiculos/patentes",
							"host": [
								"{{host}}"
							],
							"path": [
								"vehiculos",
								"patentes"
							]
						}
					},
					"response": []
				},
				{
					"name": "listModelos",
					"request": {
						"method": "GET",
						"header": [],
						"url": {
							"raw": "{{host}}/vehiculos/modelos",
							"host": [
								"{{host}}"
							],
							"path": [
								"vehiculos",
								"modelos"
							]
						}
					},
					"response": []
				},
				{
					"name": "listPatentesAnio",
					"protocolProfileBehavior": {
						"disableBodyPruning": true
					},
					"request": {
						"method": "GET",
						"header": [],
						"body": {
							"mode": "raw",
							"raw": "",
							"options": {
								"raw": {
									"language": "json"
								}
							}
						},
						"url": {
							"raw": "{{host}}/vehiculos/patentes/:year",
							"host": [
								"{{host}}"
							],
							"path": [
								"vehiculos",
								"patentes",
								":year"
							],
							"variable": [
								{
									"key": "year",
									"value": "2018"
								}
							]
						}
					},
					"response": []
				},
				{
					"name": "siniestroPerdida",
					"request": {
						"method": "GET",
						"header": [],
						"url": {
							"raw": "{{host}}/vehiculos/all-siniestro/:perdida",
							"host": [
								"{{host}}"
							],
							"path": [
								"vehiculos",
								"all-siniestro",
								":perdida"
							],
							"variable": [
								{
									"key": "perdida",
									"value": "10000"
								}
							]
						}
					},
					"response": []
				},
				{
					"name": "totSiniestroPerd",
					"request": {
						"method": "GET",
						"header": [],
						"url": {
							"raw": "{{host}}/vehiculos/total-siniestro/:perdida",
							"host": [
								"{{host}}"
							],
							"path": [
								"vehiculos",
								"total-siniestro",
								":perdida"
							],
							"variable": [
								{
									"key": "perdida",
									"value": "10000"
								}
							]
						}
					},
					"response": []
				}
			]
		}
	],
	"event": [
		{
			"listen": "prerequest",
			"script": {
				"type": "text/javascript",
				"packages": {},
				"exec": [
					""
				]
			}
		},
		{
			"listen": "test",
			"script": {
				"type": "text/javascript",
				"packages": {},
				"exec": [
					""
				]
			}
		}
	],
	"variable": [
		{
			"key": "host",
			"value": "localhost:8080",
			"type": "string"
		}
	]
}
