[
  {
    "user_id": 234,
    "user_name": "Alice",
    "following": [101, 102, 103, 104]
  },
  {
    "user_id": 235,
    "user_name": "Bob",
    "following": [101, 104]
  },
  {
    "user_id": 236,
    "user_name": "Charlie",
    "following": [101, 102]
  },
  {
    "user_id": 237,
    "user_name": "David",
    "following": [104, 101, 102]
  },
  {
    "user_id": 238,
    "user_name": "Ella",
    "following": [103, 104, 101]
  },
  {
    "user_id": 239,
    "user_name": "Frank",
    "following": [101]
  },
  {
    "user_id": 240,
    "user_name": "Grace",
    "following": [101, 103, 104]
  },
  {
    "user_id": 241,
    "user_name": "Henry",
    "following": [102, 103, 104]
  },
  {
    "user_id": 242,
    "user_name": "Ivy",
    "following": [101, 102, 103]
  },
  {
    "user_id": 243,
    "user_name": "Jack",
    "following": [101, 102, 104]
  }
]
