{
	"info": {
		"_postman_id": "84cc40fd-4b1e-42ff-a503-5152bf4aa3cd",
		"name": "Social Meli",
		"schema": "https://schema.getpostman.com/json/collection/v2.1.0/collection.json",
		"_exporter_id": "34358459",
		"_collection_link": "https://grey-star-517560.postman.co/workspace/ELOTE-PREPARADO-CON-CHILE-DEL-Q~a7b21f0d-71cb-47c2-8b7d-32894bf4ab41/collection/34296738-84cc40fd-4b1e-42ff-a503-5152bf4aa3cd?action=share&source=collection_link&creator=34358459"
	},
	"item": [
		{
			"name": "0001",
			"request": {
				"method": "POST",
				"header": [],
				"url": {
					"raw": "localhost:8080/users/235/follow/101",
					"host": [
						"localhost"
					],
					"port": "8080",
					"path": [
						"users",
						"235",
						"follow",
						"101"
					]
				}
			},
			"response": []
		},
		{
			"name": "0002",
			"request": {
				"method": "GET",
				"header": [],
				"url": {
					"raw": "localhost:8080/users/101/followers/count",
					"host": [
						"localhost"
					],
					"port": "8080",
					"path": [
						"users",
						"101",
						"followers",
						"count"
					]
				}
			},
			"response": []
		},
		{
			"name": "0003",
			"request": {
				"method": "GET",
				"header": [],
				"url": {
					"raw": "localhost:8080/users/101/followers/list",
					"host": [
						"localhost"
					],
					"port": "8080",
					"path": [
						"users",
						"101",
						"followers",
						"list"
					]
				}
			},
			"response": []
		},
		{
			"name": "0004",
			"request": {
				"method": "GET",
				"header": [],
				"url": {
					"raw": "localhost:8080/users/234/followed/list",
					"host": [
						"localhost"
					],
					"port": "8080",
					"path": [
						"users",
						"234",
						"followed",
						"list"
					]
				}
			},
			"response": []
		},
		{
			"name": "0005",
			"request": {
				"method": "POST",
				"header": [],
				"body": {
					"mode": "raw",
					"raw": "{\n    \"user_id\": 101,\n    \"date\": \"29-04-2024\",\n    \"product\": {\n        \"product_id\": 315,\n        \"product_name\": \"Silla Gamer\",\n        \"type\": \"Gamer\",\n        \"brand\": \"Racer\",\n        \"color\": \"Red & Black\",\n        \"notes\": \"Special Edition\"\n    },\n    \"category\": 100,\n    \"price\": 1500.50\n}\n",
					"options": {
						"raw": {
							"language": "json"
						}
					}
				},
				"url": {
					"raw": "localhost:8080/products/post",
					"host": [
						"localhost"
					],
					"port": "8080",
					"path": [
						"products",
						"post"
					]
				}
			},
			"response": []
		},
		{
			"name": "0006-0009 List Post From Date",
			"request": {
				"method": "GET",
				"header": [],
				"url": {
					"raw": "localhost:8080/products/followed/234/list",
					"host": [
						"localhost"
					],
					"port": "8080",
					"path": [
						"products",
						"followed",
						"234",
						"list"
					],
					"query": [
						{
							"key": "order",
							"value": "date_desc",
							"description": "Fecha descendente (de más nueva a más antigua)",
							"disabled": true
						},
						{
							"key": "order",
							"value": "date_asc",
							"description": "Fecha ascendente (de más antigua a más nueva)",
							"disabled": true
						}
					]
				}
			},
			"response": []
		},
		{
			"name": "0007",
			"request": {
				"method": "POST",
				"header": [],
				"url": {
					"raw": "localhost:8080/users/235/unfollow/101",
					"host": [
						"localhost"
					],
					"port": "8080",
					"path": [
						"users",
						"235",
						"unfollow",
						"101"
					]
				}
			},
			"response": []
		},
		{
			"name": "0008 Followers Order",
			"request": {
				"method": "GET",
				"header": [],
				"url": {
					"raw": "localhost:8080/users/101/followers/list?order=name_desc",
					"host": [
						"localhost"
					],
					"port": "8080",
					"path": [
						"users",
						"101",
						"followers",
						"list"
					],
					"query": [
						{
							"key": "order",
							"value": "name_asc",
							"disabled": true
						},
						{
							"key": "order",
							"value": "name_desc"
						}
					]
				}
			},
			"response": []
		},
		{
			"name": "0008 Followed Order",
			"request": {
				"method": "GET",
				"header": [],
				"url": {
					"raw": "localhost:8080/users/234/followed/list?order=name_asc",
					"host": [
						"localhost"
					],
					"port": "8080",
					"path": [
						"users",
						"234",
						"followed",
						"list"
					],
					"query": [
						{
							"key": "order",
							"value": "name_desc",
							"disabled": true
						},
						{
							"key": "order",
							"value": "name_asc"
						}
					]
				}
			},
			"response": []
		},
		{
			"name": "0011",
			"request": {
				"method": "GET",
				"header": [],
				"url": {
					"raw": "localhost:8080/products/promo-post/count?user_id=102",
					"host": [
						"localhost"
					],
					"port": "8080",
					"path": [
						"products",
						"promo-post",
						"count"
					],
					"query": [
						{
							"key": "user_id",
							"value": "102"
						}
					]
				}
			},
			"response": []
		},
		{
			"name": "0010",
			"request": {
				"method": "POST",
				"header": [],
				"body": {
					"mode": "raw",
					"raw": "{\n    \"user_id\": 102,\n    \"date\": \"29-04-2024\",\n    \"product\": {\n        \"product_id\": 3112,\n        \"product_name\": \"Silla Gamer\",\n        \"type\": \"Gamer\",\n        \"brand\": \"Racer\",\n        \"color\": \"Red & Black\",\n        \"notes\": \"Special Edition\"\n    },\n    \"category\": 100,\n    \"price\": 1500.50,\n    \"has_promo\": true,\n    \"discount\": 0.25\n}",
					"options": {
						"raw": {
							"language": "json"
						}
					}
				},
				"url": {
					"raw": "localhost:8080/products/promo-post",
					"host": [
						"localhost"
					],
					"port": "8080",
					"path": [
						"products",
						"promo-post"
					]
				}
			},
			"response": []
		}
	],
	"event": [
		{
			"listen": "prerequest",
			"script": {
				"type": "text/javascript",
				"packages": {},
				"exec": [
					""
				]
			}
		},
		{
			"listen": "test",
			"script": {
				"type": "text/javascript",
				"packages": {},
				"exec": [
					""
				]
			}
		}
	],
	"variable": [
		{
			"key": "base_url",
			"value": "http://localhost:",
			"type": "string"
		}
	]
}
