
  [
  {
    "seller_id": 101,
    "seller_name": "TechGear",
    "posts": [
      {
        "post_id": 201,
        "date": "20-04-2024",
        "product": {
          "product_id": 301,
          "product_name": "Monitor 4K",
          "type": "Electrónica",
          "brand": "UltraView",
          "color": "Black",
          "notes": "High resolution, 32 inches"
        },
        "category": 1,
        "price": 400.00,
        "has_promo": true,
        "discount": 15.0
      },
      {
        "post_id": 202,
        "date": "21-04-2021",
        "product": {
          "product_id": 302,
          "product_name": "Teclado Mecánico",
          "type": "Accesorio",
          "brand": "KeyMax",
          "color": "Gray",
          "notes": "Cherry MX switches, LED backlight"
        },
        "category": 1,
        "price": 120.00,
        "has_promo": false,
        "discount": 0.0
      }
    ],
    "followers": [234, 235, 236, 237, 238, 239, 240, 242, 243]
  },
  {
    "seller_id": 102,
    "seller_name": "HomeDecor",
    "posts": [
      {
        "post_id": 203,
        "date": "22-04-2024",
        "product": {
          "product_id": 303,
          "product_name": "Lámpara de mesa",
          "type": "Decoración",
          "brand": "LightPlus",
          "color": "White",
          "notes": "Touch sensor, dimmable"
        },
        "category": 2,
        "price": 45.00,
        "has_promo": true,
        "discount": 5.0
      },
      {
        "post_id": 204,
        "date": "23-04-2024",
        "product": {
          "product_id": 304,
          "product_name": "Cojines decorativos",
          "type": "Decoración",
          "brand": "SoftTouch",
          "color": "Blue",
          "notes": "Set of 3, geometric patterns"
        },
        "category": 2,
        "price": 35.00,
        "has_promo": false,
        "discount": 0.0
      }
    ],
    "followers": [236, 241, 242, 243]
  },
  {
    "seller_id": 103,
    "seller_name": "FitnessPro",
    "posts": [
      {
        "post_id": 205,
        "date": "24-04-2024",
        "product": {
          "product_id": 305,
          "product_name": "Cinta de correr",
          "type": "Equipo de ejercicio",
          "brand": "RunFast",
          "color": "Black",
          "notes": "Incluye monitor de ritmo cardíaco"
        },
        "category": 3,
        "price": 599.99,
        "has_promo": true,
        "discount": 20.0
      },
      {
        "post_id": 206,
        "date": "25-04-2024",
        "product": {
          "product_id": 306,
          "product_name": "Mancuernas ajustables",
          "type": "Equipo de ejercicio",
          "brand": "StrongLift",
          "color": "Silver",
          "notes": "Set de 2, ajustables hasta 50 lb"
        },
        "category": 3,
        "price": 249.99,
        "has_promo": false,
        "discount": 0.0
      }],
    "followers": [238, 240, 242]
  },
    {
      "seller_id": 104,
      "seller_name": "Joaquín",
      "posts": [
        {
          "post_id": 207,
          "date": "10-04-2024",
          "product": {
            "product_id": 306,
            "product_name": "PC Gamer Master Raze",
            "type": "Computación",
            "brand": "JoaquinComputer",
            "color": "White",
            "notes": "Incluye perifericos"
          },
          "category": 10,
          "price": 9999.99,
          "has_promo": true,
          "discount": 20.0
        },
        {
          "post_id": 208,
          "date": "09-04-2024",
          "product": {
            "product_id": 307,
            "product_name": "Laptop",
            "type": "Computación",
            "brand": "JoaquinComputer",
            "color": "Black",
            "notes": "Incluye ventilador externo"
          },
          "category": 10,
          "price": 5499.99,
          "has_promo": true,
          "discount": 5.0
        }
      ],
      "followers": [234, 235, 237, 238, 240, 242, 243]
    }
  ]
